"aircraft","aircraftLabel","passengers","image","article"
"http://www.wikidata.org/entity/Q647341","14-bis","","http://commons.wikimedia.org/wiki/Special:FilePath/14-bis%20de%20Alberto%20Santos%20Dumont.jpg",""
"http://www.wikidata.org/entity/Q2819047","Ace K-1","","http://commons.wikimedia.org/wiki/Special:FilePath/Ace%20K-1july55%20%284512846721%29.jpg",""
"http://www.wikidata.org/entity/Q2824065","Adams-Wilson Hobbycopter","","http://commons.wikimedia.org/wiki/Special:FilePath/HobbyCopter%2C%20Adam-Wilson%20Helicopters%2C%20Inc.%2C%20Lakewood%2C%20California%20-%20Oregon%20Air%20and%20Space%20Museum%20-%20Eugene%2C%20Oregon%20-%20DSC09715.jpg",""
"http://www.wikidata.org/entity/Q2819096","ADI Stallion","","http://commons.wikimedia.org/wiki/Special:FilePath/2004%20Hollmann%20Super%20Stallion.jpg",""
"http://www.wikidata.org/entity/Q379617","Advanced Medium STOL Transport","","http://commons.wikimedia.org/wiki/Special:FilePath/Yc14-1%20072.jpg",""
"http://www.wikidata.org/entity/Q2825576","Aerial Distributors Distributor Wing","","http://commons.wikimedia.org/wiki/Special:FilePath/Distributor%20Wing%20DW-1%20N361DW%20at%20University%20Airport%20in%201970.jpg",""
"http://www.wikidata.org/entity/Q3631636","Aériane Swift","","http://commons.wikimedia.org/wiki/Special:FilePath/Swift%27Lite%20glider%20foot%20launched%20glider%20prior%20to%20take-off.jpg",""
"http://www.wikidata.org/entity/Q381137","Aerion SBJ","","http://commons.wikimedia.org/wiki/Special:FilePath/Aerion%20SSBJ%20two-view%20silhouette.png",""
"http://www.wikidata.org/entity/Q381217","Aero A.200","","http://commons.wikimedia.org/wiki/Special:FilePath/Aero%20A.200%20photo%20L%27Aerophile%20October%201934.jpg",""
"http://www.wikidata.org/entity/Q2825603","Aero Dynamics Sparrow Hawk","","http://commons.wikimedia.org/wiki/Special:FilePath/Sparrow%20Hawk%20II.jpg",""
"http://www.wikidata.org/entity/Q2825615","Aerocar 2000","","http://commons.wikimedia.org/wiki/Special:FilePath/Aerocar2000.jpg",""
"http://www.wikidata.org/entity/Q381577","Aeronautica Umbra Trojani AUT.18","","http://commons.wikimedia.org/wiki/Special:FilePath/AUT.18%20model.JPG",""
"http://www.wikidata.org/entity/Q3605998","Aeronave Italia","","http://commons.wikimedia.org/wiki/Special:FilePath/Aeronave%20Italia%201905.jpg",""
"http://www.wikidata.org/entity/Q1608927","Aerotécnica AC-12","","http://commons.wikimedia.org/wiki/Special:FilePath/Aerotecnica%20AC-12.jpg",""
"http://www.wikidata.org/entity/Q3012772","Akaflieg Berlin B 9","","http://commons.wikimedia.org/wiki/Special:FilePath/BerlinB9%20zens.png",""
"http://www.wikidata.org/entity/Q114821","Akaflieg München Mü13","","http://commons.wikimedia.org/wiki/Special:FilePath/Akaflieg%20Munchen%20MU.13D%20Bergfalke%20III%20at%20Gliding%20Heritage%20Centre%20%2834428819706%29.jpg",""
"http://www.wikidata.org/entity/Q415172","Akaflieg München Mü3 Kakadu","","http://commons.wikimedia.org/wiki/Special:FilePath/Akaflieg%20Mue%203.jpg",""
"http://www.wikidata.org/entity/Q2819251","Al Fajer L-10","","http://commons.wikimedia.org/wiki/Special:FilePath/Dr%C3%B4ne%20AL%20fajer%20L-10.jpg",""
"http://www.wikidata.org/entity/Q3607903","Albatros L102","","http://commons.wikimedia.org/wiki/Special:FilePath/Albatros%20L%20102%20L%27Aerophile%20November%201932.jpg",""
"http://www.wikidata.org/entity/Q2831869","Albessard Triavion","","http://commons.wikimedia.org/wiki/Special:FilePath/Albessard%20Triavion%20right%20side%20photo%20NACA%20Aircraft%20Circular%20No.89.jpg",""
"http://www.wikidata.org/entity/Q2837176","Alisport Yuma","","http://commons.wikimedia.org/wiki/Special:FilePath/Schaffen%20Alisport%20Yuma%2002.JPG",""
"http://www.wikidata.org/entity/Q3575208","AMD Alarus","","http://commons.wikimedia.org/wiki/Special:FilePath/AMD%20Alarus%20side%20view.jpg",""
"http://www.wikidata.org/entity/Q2843454","Amiot 110","","http://commons.wikimedia.org/wiki/Special:FilePath/Amiot%20S.E.C.M.%20110%20C.1%20left%20front%20photo%20NACA%20Aircraft%20Circular%20No.97.jpg",""
"http://www.wikidata.org/entity/Q2819289","ANBO III","","http://commons.wikimedia.org/wiki/Special:FilePath/Anbo3.jpg",""
"http://www.wikidata.org/entity/Q2002067","ANBO IV","","http://commons.wikimedia.org/wiki/Special:FilePath/Anbo%2041-I.jpg",""
"http://www.wikidata.org/entity/Q575344","ANBO VIII","","http://commons.wikimedia.org/wiki/Special:FilePath/Anbo8.jpg",""
"http://www.wikidata.org/entity/Q2819292","ANEC IV","","http://commons.wikimedia.org/wiki/Special:FilePath/ANEC%20IV%20photo%20NACA%20Aircraft%20Circular%20No.21.jpg",""
"http://www.wikidata.org/entity/Q2818902","ANF Les Mureaux 190","","http://commons.wikimedia.org/wiki/Special:FilePath/Mureaux%20190%20photo%20L%27Aerophile%20December%201936.jpg",""
"http://www.wikidata.org/entity/Q2878438","Antoinette military monoplane","","http://commons.wikimedia.org/wiki/Special:FilePath/Antoinette%20Military%20Monoplane%201911.JPG",""
"http://www.wikidata.org/entity/Q3601693","Arado SC I","","http://commons.wikimedia.org/wiki/Special:FilePath/Arado%20SC%20I%20NACA%20Aircraft%20Circular%2056.jpg",""
"http://www.wikidata.org/entity/Q2423542","Armstrong Whitworth A.W.19","","http://commons.wikimedia.org/wiki/Special:FilePath/AWAW19.jpg",""
"http://www.wikidata.org/entity/Q610989","Armstrong Whitworth AW.23","","http://commons.wikimedia.org/wiki/Special:FilePath/Armstrong%20Whitworth%20AW%2023.jpg",""
"http://www.wikidata.org/entity/Q2862814","Armstrong Whitworth AW.681","","http://commons.wikimedia.org/wiki/Special:FilePath/AW.681.JPG",""
"http://www.wikidata.org/entity/Q689413","Armstrong Whitworth F.K.10","","http://commons.wikimedia.org/wiki/Special:FilePath/Armstrong%20Whitworth%20F.K.10%20side%20view.jpg",""
"http://www.wikidata.org/entity/Q2862812","Armstrong Whitworth Starling","","http://commons.wikimedia.org/wiki/Special:FilePath/AW%20Starling.jpg",""
"http://www.wikidata.org/entity/Q2862823","Armstrong Whitworth Wolf","","http://commons.wikimedia.org/wiki/Special:FilePath/AWWolf.jpg",""
"http://www.wikidata.org/entity/Q3437037","ATL","","http://commons.wikimedia.org/wiki/Special:FilePath/Robin.atl.l.g-gfrd.vtail.arp.jpg",""
"http://www.wikidata.org/entity/Q756656","Atlantis","","http://commons.wikimedia.org/wiki/Special:FilePath/D-1925%20Atlantis%20Nla.pic-vn4774233-v.jpeg",""
"http://www.wikidata.org/entity/Q3602266","ATR 42 Surveyor","","http://commons.wikimedia.org/wiki/Special:FilePath/Atr42.fairford.arp.jpg",""
"http://www.wikidata.org/entity/Q2870570","Aubert Cigale","","http://commons.wikimedia.org/wiki/Special:FilePath/Aubert%20PA-20%20photo%20L%27Aerophile%20May%201938.jpg",""
"http://www.wikidata.org/entity/Q2872097","Auster AOP6","","http://commons.wikimedia.org/wiki/Special:FilePath/Auster%20AOP.6%20TW539%20663%20Sqn%201954.jpg",""
"http://www.wikidata.org/entity/Q2872101","Auster B.4","","http://commons.wikimedia.org/wiki/Special:FilePath/Auster%20B.4%20Farnborough%2009.53.jpg",""
"http://www.wikidata.org/entity/Q2872100","Auster J/2 Arrow","","http://commons.wikimedia.org/wiki/Special:FilePath/Auster%20J4%20G-AIJM%20Cranfield%2001.07.89R.jpg",""
"http://www.wikidata.org/entity/Q2872144","Austin Whippet","","http://commons.wikimedia.org/wiki/Special:FilePath/K-158%20%28BAPC-207%29%20%2815430855790%29.jpg",""
"http://www.wikidata.org/entity/Q2872104","Austin-Ball A.F.B.1","","http://commons.wikimedia.org/wiki/Special:FilePath/Austin%20AFB%201%20Outside%20Longbridge%20Works.jpg",""
"http://www.wikidata.org/entity/Q1566033","AutoGyro MT-03","","http://commons.wikimedia.org/wiki/Special:FilePath/Autogyro%20MT-03%20%28D-MTBI%29%2006.jpg",""
"http://www.wikidata.org/entity/Q1934909","Avia BH-12","","http://commons.wikimedia.org/wiki/Special:FilePath/Avia%20BH-12%20%28Flight%2C%2006-1924%29.jpg",""
"http://www.wikidata.org/entity/Q2186659","Avia BH-16","","http://commons.wikimedia.org/wiki/Special:FilePath/Avia%20BH-16%20%281924%29.jpg",""
"http://www.wikidata.org/entity/Q1843832","Avia BH-17","","http://commons.wikimedia.org/wiki/Special:FilePath/Avia%20BH-17-4.jpg",""
"http://www.wikidata.org/entity/Q1992983","Avia BH-22","","http://commons.wikimedia.org/wiki/Special:FilePath/Avia%20BH-22%20L%27A%C3%A9ronautique%20December%2C1926.jpg",""
"http://www.wikidata.org/entity/Q2526166","Avia BH-23","","http://commons.wikimedia.org/wiki/Special:FilePath/Avia%20BH-23.jpg",""
"http://www.wikidata.org/entity/Q790758","Avia BH-6","","http://commons.wikimedia.org/wiki/Special:FilePath/Avia%20BH-6%201-72.jpg",""
"http://www.wikidata.org/entity/Q2874276","Aviastroitel AC-4 Russia","","http://commons.wikimedia.org/wiki/Special:FilePath/Russian%20glider%20AC-4%20%22Russian%22%20%2810273762066%29.jpg",""
"http://www.wikidata.org/entity/Q2874321","Avicopter AC313","","http://commons.wikimedia.org/wiki/Special:FilePath/Changhe%20AC313%20Gu.jpg",""
"http://www.wikidata.org/entity/Q550217","Aviotehas PN-3","","http://commons.wikimedia.org/wiki/Special:FilePath/%D0%A1%D0%B0%D0%BC%D0%BE%D0%BB%D1%91%D1%82%20PN%203.jpg",""
"http://www.wikidata.org/entity/Q375166","Avro 531 Spider","","http://commons.wikimedia.org/wiki/Special:FilePath/Avro531%20left.png",""
"http://www.wikidata.org/entity/Q791435","Avro 571 Buffalo","","http://commons.wikimedia.org/wiki/Special:FilePath/AvBuffalo.jpg",""
"http://www.wikidata.org/entity/Q2874609","Avro 627 Mailplane","","http://commons.wikimedia.org/wiki/Special:FilePath/Avro%20627.jpg",""
"http://www.wikidata.org/entity/Q2874608","Avro 641 Commodore","","http://commons.wikimedia.org/wiki/Special:FilePath/Avro641.jpg",""
"http://www.wikidata.org/entity/Q3631212","Avro 730","","http://commons.wikimedia.org/wiki/Special:FilePath/Avro%20730.jpg",""
"http://www.wikidata.org/entity/Q791441","Avro Antelope","","http://commons.wikimedia.org/wiki/Special:FilePath/Avro%20Antelope%20L%27A%C3%A9rophile%20July%2C1929.jpg",""
"http://www.wikidata.org/entity/Q2874610","Avro Avenger","","http://commons.wikimedia.org/wiki/Special:FilePath/Avro566-i.jpg",""
"http://www.wikidata.org/entity/Q250549","Avro Avocet","","http://commons.wikimedia.org/wiki/Special:FilePath/AvAvocet.jpg",""
"http://www.wikidata.org/entity/Q791513","Avro Type G","","http://commons.wikimedia.org/wiki/Special:FilePath/Avro%20Type%20G.jpg",""
"http://www.wikidata.org/entity/Q659934","Bartel BM-5","","http://commons.wikimedia.org/wiki/Special:FilePath/Bartel%20BM-5%2C%20scheda%20Aerei%20da%20Guerra.jpg",""
"http://www.wikidata.org/entity/Q2885910","Bartel BM-6","","http://commons.wikimedia.org/wiki/Special:FilePath/Bartel%20BM-6.png",""
"http://www.wikidata.org/entity/Q2876617","BAT Baboon","","http://commons.wikimedia.org/wiki/Special:FilePath/BAT%20F.K.24%20Baboon%20010120%20p19.jpg",""
"http://www.wikidata.org/entity/Q2893543","Bede BD-17 Nugget","","http://commons.wikimedia.org/wiki/Special:FilePath/Bede%20B17L.jpg",""
"http://www.wikidata.org/entity/Q2893546","Bede BD-4","","http://commons.wikimedia.org/wiki/Special:FilePath/Raffensparger%20BD-4%20%28N643R%29.jpg",""
"http://www.wikidata.org/entity/Q2893547","Bede BD-6","","http://commons.wikimedia.org/wiki/Special:FilePath/G-BYLS%20Bede%20BD-4%20%289678944301%29.jpg",""
"http://www.wikidata.org/entity/Q669247","Bell XP-52","","http://commons.wikimedia.org/wiki/Special:FilePath/Bell%20XP-59%20wind%20tunnel%20model%20060913-F-1234P-012.jpg",""
"http://www.wikidata.org/entity/Q2894635","Bellanca Aircruiser","","http://commons.wikimedia.org/wiki/Special:FilePath/Bellanca%20C-27C%20Airbus.jpg",""
"http://www.wikidata.org/entity/Q3349957","Bernard 190","","http://commons.wikimedia.org/wiki/Special:FilePath/Bernard%20191%20GR%20-%20Oiseau%20Canari.JPG",""
"http://www.wikidata.org/entity/Q2899969","Best Off Nynja","","http://commons.wikimedia.org/wiki/Special:FilePath/4X-ONA%2002-05-2015.jpg",""
"http://www.wikidata.org/entity/Q830309","Best Off Skyranger","","http://commons.wikimedia.org/wiki/Special:FilePath/Best%20Off%20Skyranger%20912S%281%29%20%E2%80%98G-CDUS%E2%80%99%20%2841639245672%29.jpg",""
"http://www.wikidata.org/entity/Q2902346","Big Stink","","http://commons.wikimedia.org/wiki/Special:FilePath/Agnew%20HiroshimaAircraft.jpg",""
"http://www.wikidata.org/entity/Q1644799","Blackburn Lincock","","http://commons.wikimedia.org/wiki/Special:FilePath/Blackburn%20Lincock%20II%20ExCC.jpg",""
"http://www.wikidata.org/entity/Q3273990","Bland Mayfly","","http://commons.wikimedia.org/wiki/Special:FilePath/Bland%20Mayfly.png",""
"http://www.wikidata.org/entity/Q2040829","Blériot III","","http://commons.wikimedia.org/wiki/Special:FilePath/Bleriot%20IV.jpg",""
"http://www.wikidata.org/entity/Q2907456","Blériot VIII","","http://commons.wikimedia.org/wiki/Special:FilePath/Bleriot%20VIII.jpg",""
"http://www.wikidata.org/entity/Q884629","Bloch MB.300 Pacifique","","http://commons.wikimedia.org/wiki/Special:FilePath/Bloch%20M.B.300%20photo%20L%27Aerophile%20February%201936.jpg",""
"http://www.wikidata.org/entity/Q2906790","Bloch MB.60","","http://commons.wikimedia.org/wiki/Special:FilePath/Bloch%20MB.61%201931.jpg",""
"http://www.wikidata.org/entity/Q2906800","Bloch MB.81","","http://commons.wikimedia.org/wiki/Special:FilePath/Bloch%20MB.81.jpg",""
"http://www.wikidata.org/entity/Q890163","Boeing 367-80","","http://commons.wikimedia.org/wiki/Special:FilePath/Air%20to%20air%20photo%20of%20the%20Dash%2080%20FA239925.jpg",""
"http://www.wikidata.org/entity/Q2908515","Boeing Model 6D","","http://commons.wikimedia.org/wiki/Special:FilePath/Boeing%20Model%20B1D%20or%206D%20LFQ%202.jpg",""
"http://www.wikidata.org/entity/Q891784","Bombardier Challenger 850","","http://commons.wikimedia.org/wiki/Special:FilePath/Bombardier%20Challenger%20850%20C-GWWW%20at%20Manchester%202008.jpg",""
"http://www.wikidata.org/entity/Q796871","BOT SC07 Speed Cruiser","","http://commons.wikimedia.org/wiki/Special:FilePath/BOT%20SC07%20Speed%20Cruiser%20N911DV.jpg",""
"http://www.wikidata.org/entity/Q2924271","Breda Ba.19","","http://commons.wikimedia.org/wiki/Special:FilePath/Breda%20Ba.19.jpg",""
"http://www.wikidata.org/entity/Q381764","Breezer Breezer","","http://commons.wikimedia.org/wiki/Special:FilePath/Breezer-Sunset.jpg",""
"http://www.wikidata.org/entity/Q2924339","Breguet 16","","http://commons.wikimedia.org/wiki/Special:FilePath/Breguet%20Bre.16Bn.2%20Patria.jpg",""
"http://www.wikidata.org/entity/Q2924343","Breguet Br.270","","http://commons.wikimedia.org/wiki/Special:FilePath/Breguet%20274.jpg",""
"http://www.wikidata.org/entity/Q2842451","Breguet Bre.4","","http://commons.wikimedia.org/wiki/Special:FilePath/Breguet%20de%20Chasse.jpg",""
"http://www.wikidata.org/entity/Q2924345","Breguet Vultur","","http://commons.wikimedia.org/wiki/Special:FilePath/Breguet%20BR.960%20Vultur%20top%20view%20silhouette.png",""
"http://www.wikidata.org/entity/Q446482","Bristol 188","","http://commons.wikimedia.org/wiki/Special:FilePath/Bristol%20Type%20188%20Cosford.jpg",""
"http://www.wikidata.org/entity/Q917893","Bristol Brabazon","","http://commons.wikimedia.org/wiki/Special:FilePath/ATP%20018936%20G.jpg",""
"http://www.wikidata.org/entity/Q778629","Bristol M.1","","http://commons.wikimedia.org/wiki/Special:FilePath/%27Red%20Devil%27%20plane%20at%20Minlaton.jpg",""
"http://www.wikidata.org/entity/Q917943","Bristol Type 138","","http://commons.wikimedia.org/wiki/Special:FilePath/Bristol%20138.jpg",""
"http://www.wikidata.org/entity/Q3199916","British Aircraft Company Drone","","http://commons.wikimedia.org/wiki/Special:FilePath/BAC%20Super%20Drone%20G-AEDB%20Duxford%201982.jpg",""
"http://www.wikidata.org/entity/Q2925882","Brochet MB.110","","http://commons.wikimedia.org/wiki/Special:FilePath/Brochet%20MB.110%20F-WDKE%20Chavenay%2030.05.57%20edited-3.jpg",""
"http://www.wikidata.org/entity/Q2925887","Brochet MB.50","","http://commons.wikimedia.org/wiki/Special:FilePath/Brochet%20MB.50%20Pipistrelle.jpg",""
"http://www.wikidata.org/entity/Q2962770","Brändli BX-2 Cherry","","http://commons.wikimedia.org/wiki/Special:FilePath/HB-YBX%20Brandli%20BX-2%20Cherry.jpg",""
"http://www.wikidata.org/entity/Q975530","Burgess Model H","","http://commons.wikimedia.org/wiki/Special:FilePath/Burgess%20H.jpg",""
"http://www.wikidata.org/entity/Q3095363","CAB Minicab","","http://commons.wikimedia.org/wiki/Special:FilePath/Gardan%20GY-201%20Minicab%20G-BGMR%20Wroughton%2004.07.93%20edited-2.jpg",""
"http://www.wikidata.org/entity/Q262104","CAC Ceres","","http://commons.wikimedia.org/wiki/Special:FilePath/CAC-28%20Ceres%201988.jpg",""
"http://www.wikidata.org/entity/Q979320","CANT 26","","http://commons.wikimedia.org/wiki/Special:FilePath/CANT%2026.jpg",""
"http://www.wikidata.org/entity/Q1158939","Caproni Ca.135","","http://commons.wikimedia.org/wiki/Special:FilePath/Caproni%20Ca.135%20in%20flight.jpg",""
"http://www.wikidata.org/entity/Q2517614","Caproni Ca.3","","http://commons.wikimedia.org/wiki/Special:FilePath/Caproni%20Ca.3%20%281910-1911%29%20front%20view.JPG",""
"http://www.wikidata.org/entity/Q573456","Caproni Ca.335","","http://commons.wikimedia.org/wiki/Special:FilePath/Caproni%20Ca.335.jpg",""
"http://www.wikidata.org/entity/Q332025","Caproni PS.1","","http://commons.wikimedia.org/wiki/Special:FilePath/Caproni%20PS.1%20I-MELO.jpg",""
"http://www.wikidata.org/entity/Q550897","Caproni Vizzola F.6","","http://commons.wikimedia.org/wiki/Special:FilePath/Caproni%20Vizzola%20F.6M.jpg",""
"http://www.wikidata.org/entity/Q2085804","Caudron C.600 Aiglon","","http://commons.wikimedia.org/wiki/Special:FilePath/Caudron%20C.601%20-%20Angers-Marc%C3%A9.jpg",""
"http://www.wikidata.org/entity/Q613496","Chase YCG-14","","http://commons.wikimedia.org/wiki/Special:FilePath/Chase%20XCG-14.jpg",""
"http://www.wikidata.org/entity/Q1104362","Coandă-1910","","http://commons.wikimedia.org/wiki/Special:FilePath/Coanda%201910.png",""
"http://www.wikidata.org/entity/Q1122861","Comte AC-1","","http://commons.wikimedia.org/wiki/Special:FilePath/Alfred%20Comte%20AC-1.jpg",""
"http://www.wikidata.org/entity/Q1129331","Convair XFY Pogo","","http://commons.wikimedia.org/wiki/Special:FilePath/Convair%20XFY-1%20in%20flight.jpg",""
"http://www.wikidata.org/entity/Q1135745","Corvus Phantom","","http://commons.wikimedia.org/wiki/Special:FilePath/Corvus%20Phantom%20%28D-MDHR%29%2003.jpg",""
"http://www.wikidata.org/entity/Q3489703","Curtiss XP-71","","http://commons.wikimedia.org/wiki/Special:FilePath/Curtiss%20XP-71%20wooden%20model.jpg",""
"http://www.wikidata.org/entity/Q3082110","Curtiss-Reid Rambler","","http://commons.wikimedia.org/wiki/Special:FilePath/Curtiss-Reid%20Rambler.jpg",""
"http://www.wikidata.org/entity/Q1157622","Daimler L20","","http://commons.wikimedia.org/wiki/Special:FilePath/Klemm-Daimler%20L20.png",""
"http://www.wikidata.org/entity/Q3400171","Dalby Pouchel","","http://commons.wikimedia.org/wiki/Special:FilePath/Snow%20pouchel.jpg",""
"http://www.wikidata.org/entity/Q3081971","DAR 1","","http://commons.wikimedia.org/wiki/Special:FilePath/DAR1-Plovdiv.jpg",""
"http://www.wikidata.org/entity/Q2622309","Dassault Mirage F2","","http://commons.wikimedia.org/wiki/Special:FilePath/Dassault%20Mirage%20F2.jpg",""
"http://www.wikidata.org/entity/Q3025588","Dewoitine D.332","","http://commons.wikimedia.org/wiki/Special:FilePath/Dewoitine%20D.333%20Cassiop%C3%A9e%20F-ANQB%20Alg%C3%A9rie%201938.jpg",""
"http://www.wikidata.org/entity/Q316716","DFS Habicht","","http://commons.wikimedia.org/wiki/Special:FilePath/DFS%20Habicht%20E.jpg",""
"http://www.wikidata.org/entity/Q316145","DFS Kranich","","http://commons.wikimedia.org/wiki/Special:FilePath/DFS%20Kranich.jpg",""
"http://www.wikidata.org/entity/Q834268","DFS Olympia Meise","","http://commons.wikimedia.org/wiki/Special:FilePath/DFS%20Olympia%20Meise.jpg",""
"http://www.wikidata.org/entity/Q1153354","DFS Weihe","","http://commons.wikimedia.org/wiki/Special:FilePath/Weihe%20DFS%20D-0700%20EDMB%2002%2020050925.jpg",""
"http://www.wikidata.org/entity/Q1208675","Diamond DA62","","http://commons.wikimedia.org/wiki/Special:FilePath/Diamond%20Sky%2C%20ES-KEN%2C%20Diamond%20DA-62%20%2836833726330%29.jpg",""
"http://www.wikidata.org/entity/Q1208684","Diamond HK36 Super Dimona","","http://commons.wikimedia.org/wiki/Special:FilePath/Diamond%20HK.36TTC%20Super%20Dimona%20%E2%80%98LN-GSD%E2%80%99%20%2830126337487%29.jpg",""
"http://www.wikidata.org/entity/Q1245923","Dornier Do 132","","http://commons.wikimedia.org/wiki/Special:FilePath/Do132.jpg",""
"http://www.wikidata.org/entity/Q2599492","Double Eagle II","","http://commons.wikimedia.org/wiki/Special:FilePath/Doubleeagleii.jpg",""
"http://www.wikidata.org/entity/Q1252156","Douglas D-558-1 Skystreak","","http://commons.wikimedia.org/wiki/Special:FilePath/Douglas%20Skystreak%20D-588-I.jpg",""
"http://www.wikidata.org/entity/Q477490","Douglas O-46","","http://commons.wikimedia.org/wiki/Special:FilePath/Douglas%20O-46.jpg",""
"http://www.wikidata.org/entity/Q2741968","Douglas XP-48","","http://commons.wikimedia.org/wiki/Special:FilePath/Douglas%20XP-48%20drawing.jpg",""
"http://www.wikidata.org/entity/Q3038058","Douglas YOA-5","","http://commons.wikimedia.org/wiki/Special:FilePath/Parked%20Douglas%20YB-11.jpg",""
"http://www.wikidata.org/entity/Q1273136","E-Go","","http://commons.wikimedia.org/wiki/Special:FilePath/E-Go%20flying2.jpg",""
"http://www.wikidata.org/entity/Q1310570","Eiri-Avion PIK-20","","http://commons.wikimedia.org/wiki/Special:FilePath/Pik20E%20NASA.jpg",""
"http://www.wikidata.org/entity/Q1356592","Épervier","","http://commons.wikimedia.org/wiki/Special:FilePath/Royal%20Military%20Museum%20Brussels%202007%20187.JPG",""
"http://www.wikidata.org/entity/Q1381633","Evektor EV-55 Outback","","http://commons.wikimedia.org/wiki/Special:FilePath/EV-55-Outback-03.jpg",""
"http://www.wikidata.org/entity/Q1385131","Extra EA-400","","http://commons.wikimedia.org/wiki/Special:FilePath/Extra%20400%20D-EXKG%20on%20runway%20vl.jpg",""
"http://www.wikidata.org/entity/Q3045802","EAA Biplane","","http://commons.wikimedia.org/wiki/Special:FilePath/EAA%20Biplane.jpg",""
"http://www.wikidata.org/entity/Q1022276","F+W C-3605","","http://commons.wikimedia.org/wiki/Special:FilePath/AirExpo%202015%20-%20Schlepp%20%281%29.jpg",""
"http://www.wikidata.org/entity/Q3064548","Fairey Gordon","","http://commons.wikimedia.org/wiki/Special:FilePath/FaireyGordon0443.jpg",""
"http://www.wikidata.org/entity/Q1393200","Fairey Rotodyne","","http://commons.wikimedia.org/wiki/Special:FilePath/SFF%20002-1055526%20Fairey%20Rotodyne.jpg",""
"http://www.wikidata.org/entity/Q1393198","Fairey Spearfish","","http://commons.wikimedia.org/wiki/Special:FilePath/Fairey%20Spearfish.jpg",""
"http://www.wikidata.org/entity/Q3066952","Farman F.50","","http://commons.wikimedia.org/wiki/Special:FilePath/Farman%20f50.jpg",""
"http://www.wikidata.org/entity/Q674899","Fiat G.56","","http://commons.wikimedia.org/wiki/Special:FilePath/Prototype%20van%20de%20Fiat%20G%2056%20Centauro%20met%20Duitse%20emblemen%20op%20een%20onbekend%20vliegveld%202157%20001-042.jpg",""
"http://www.wikidata.org/entity/Q3071279","Fiat R.2","","http://commons.wikimedia.org/wiki/Special:FilePath/Erzurumlu%20Nazif%20airplane.jpg",""
"http://www.wikidata.org/entity/Q555474","Fieseler Fi 157","","http://commons.wikimedia.org/wiki/Special:FilePath/Fieseler%20Fi%20157.jpg",""
"http://www.wikidata.org/entity/Q323418","Fieseler Fi 333","","http://commons.wikimedia.org/wiki/Special:FilePath/Fieseler%20Fi%20333.jpg",""
"http://www.wikidata.org/entity/Q663889","Fieseler Fi 98","","http://commons.wikimedia.org/wiki/Special:FilePath/Fieseler%20Fi%2098.jpg",""
"http://www.wikidata.org/entity/Q1420693","Fisher FP-202 Koala","","http://commons.wikimedia.org/wiki/Special:FilePath/Fisher%20FP-202%20Koala%20D-MKOA.jpg",""
"http://www.wikidata.org/entity/Q1427062","Flanders F.4","","http://commons.wikimedia.org/wiki/Special:FilePath/Flanders-F4-1912.jpg",""
"http://www.wikidata.org/entity/Q613523","Fleetwings BT-12 Sophomore","","http://commons.wikimedia.org/wiki/Special:FilePath/Fleetwings%20XBT-12.jpg",""
"http://www.wikidata.org/entity/Q1428738","Flightstar","","http://commons.wikimedia.org/wiki/Special:FilePath/EAA%20Flightstar%20FS-IISL.jpg",""
"http://www.wikidata.org/entity/Q3555759","Flugan","","http://commons.wikimedia.org/wiki/Special:FilePath/C%20R%20Flugan.jpg",""
"http://www.wikidata.org/entity/Q2108236","FMA I.Ae. 27 Pulqui I","","http://commons.wikimedia.org/wiki/Special:FilePath/FMA%20IAe27.jpg",""
"http://www.wikidata.org/entity/Q616035","FMA I.Ae. 37","","http://commons.wikimedia.org/wiki/Special:FilePath/Ia%2037%20I.jpg",""
"http://www.wikidata.org/entity/Q1389227","FMA IA 36 Cóndor","","http://commons.wikimedia.org/wiki/Special:FilePath/Ia%2036.jpg",""
"http://www.wikidata.org/entity/Q1435039","Focke Rochen","","http://commons.wikimedia.org/wiki/Special:FilePath/Focke%20Rochen%20drawing.png",""
"http://www.wikidata.org/entity/Q1957817","Focke-Wulf Strahlrohrjäger","","http://commons.wikimedia.org/wiki/Special:FilePath/FW%20TA-238%20pic1.JPG",""
"http://www.wikidata.org/entity/Q1389595","FSS-100","","http://commons.wikimedia.org/wiki/Special:FilePath/FSS-100%20Tourist.svg",""
"http://www.wikidata.org/entity/Q3090937","Funk B","","http://commons.wikimedia.org/wiki/Special:FilePath/Funk%20Model%20B-85-C%20Bee.jpg",""
"http://www.wikidata.org/entity/Q1475612","Future Strategic Tanker Aircraft","","http://commons.wikimedia.org/wiki/Special:FilePath/Royal%20Air%20Force%20Airbus%20A330-243.jpg",""
"http://www.wikidata.org/entity/Q1543269","Gee Bee Model Z Super Sportster","","http://commons.wikimedia.org/wiki/Special:FilePath/Gee%20Bee%20Model%20Z%20Reproduction.jpg",""
"http://www.wikidata.org/entity/Q3100491","General Aircraft Hotspur","","http://commons.wikimedia.org/wiki/Special:FilePath/Aircraft%20of%20the%20Royal%20Air%20Force%201939-1945-%20General%20Aircraft%20Gal.48%20Hotspur.%20CH6030.jpg",""
"http://www.wikidata.org/entity/Q2936990","Giles G-202","","http://commons.wikimedia.org/wiki/Special:FilePath/Giles%20G-202.jpg",""
"http://www.wikidata.org/entity/Q747706","GippsAero GA8 Airvan","","http://commons.wikimedia.org/wiki/Special:FilePath/Gippsland%20GA-8%20%281911046467%29.jpg",""
"http://www.wikidata.org/entity/Q1153378","Glaser-Dirks DG-400","","http://commons.wikimedia.org/wiki/Special:FilePath/Glaser-Dirks%20DG-400%20AN1953926.jpg",""
"http://www.wikidata.org/entity/Q1529454","Glasflügel 303","","http://commons.wikimedia.org/wiki/Special:FilePath/Glasfl%C3%BCgel%20303%20hl%20D-7489.jpg",""
"http://www.wikidata.org/entity/Q1529460","Glasflügel BS-1","","http://commons.wikimedia.org/wiki/Special:FilePath/Glasfluegel%20BS-1%20D-9415.jpg",""
"http://www.wikidata.org/entity/Q1453867","Glasflügel H-101","","http://commons.wikimedia.org/wiki/Special:FilePath/H101%20Salto.jpg",""
"http://www.wikidata.org/entity/Q3487854","Gloster E.1/44","","http://commons.wikimedia.org/wiki/Special:FilePath/Gloster%20E1-44%202.jpg",""
"http://www.wikidata.org/entity/Q950396","Gloster F.5/34","","http://commons.wikimedia.org/wiki/Special:FilePath/15%20Gloster%20F.5-34%20Fighter%20Bristol%20Mercury%20IX%20%2815812158196%29.jpg",""
"http://www.wikidata.org/entity/Q1648061","Gloster Sparrowhawk","","http://commons.wikimedia.org/wiki/Special:FilePath/Sparrowhawk%20in%20Japan.jpg",""
"http://www.wikidata.org/entity/Q3324436","Gourdou-Leseurre GL.2","","http://commons.wikimedia.org/wiki/Special:FilePath/Gourdou%20Leseurre%20GL.22%202006-06-15.jpg",""
"http://www.wikidata.org/entity/Q3111704","Gourdou-Leseurre GL.30","","http://commons.wikimedia.org/wiki/Special:FilePath/Gourdou-Leseurre%20GL-32%20Spanish%20Republican%20AF.jpg",""
"http://www.wikidata.org/entity/Q2484966","Government Factories Type 213 Vihor","","http://commons.wikimedia.org/wiki/Special:FilePath/BAM-44-Utva%20213-3%20Vihor.jpg",""
"http://www.wikidata.org/entity/Q671321","Grob G 115","","http://commons.wikimedia.org/wiki/Special:FilePath/Grob%20G%20115E%20EA-3.JPG",""
"http://www.wikidata.org/entity/Q645535","Grob G180 SPn","","http://commons.wikimedia.org/wiki/Special:FilePath/Grob%20Aircraft%20SPn%20D-CSPN.jpg",""
"http://www.wikidata.org/entity/Q1547179","Grob Strato 2C","","http://commons.wikimedia.org/wiki/Special:FilePath/Grob%20G%20850%20Strato%202C%20D-CDLR%20in%202012.jpg",""
"http://www.wikidata.org/entity/Q2877369","Gulfstream G100","","http://commons.wikimedia.org/wiki/Special:FilePath/Gulfstream%20Aerospace%20G150%20-%20JBM.jpg",""
"http://www.wikidata.org/entity/Q618089","Hafner Rotabuggy","","http://commons.wikimedia.org/wiki/Special:FilePath/Rotabuggy.jpg",""
"http://www.wikidata.org/entity/Q1575071","Handley Page Manx","","http://commons.wikimedia.org/wiki/Special:FilePath/Handley%20Page%20H.P.75%20Manx.jpg",""
"http://www.wikidata.org/entity/Q3324445","Hanriot HD.32","","http://commons.wikimedia.org/wiki/Special:FilePath/Hanriot%20HD.32%200%20002.jpg",""
"http://www.wikidata.org/entity/Q561242","Hansa-Brandenburg C.I","","http://commons.wikimedia.org/wiki/Special:FilePath/Hansa%20Brandenburg%20C.I.jpg",""
"http://www.wikidata.org/entity/Q957634","Harlow PC-5","","http://commons.wikimedia.org/wiki/Special:FilePath/Harlow%20PC-5A.jpg",""
"http://www.wikidata.org/entity/Q3127500","Harlow PJC-2","","http://commons.wikimedia.org/wiki/Special:FilePath/Harlow%20PJC-2%20N54KC.JPG",""
"http://www.wikidata.org/entity/Q1512252","Hawker 4000","","http://commons.wikimedia.org/wiki/Special:FilePath/Untitled%20Hawker%20Beechcraft%204000%3B%20N223AF%40ZRH%3B08.06.2013%20%288990249519%29.jpg",""
"http://www.wikidata.org/entity/Q662343","Hawker Hornbill","","http://commons.wikimedia.org/wiki/Special:FilePath/Hawker%20Hornbill%20flying.png",""
"http://www.wikidata.org/entity/Q736636","Hawker P.1081","","http://commons.wikimedia.org/wiki/Special:FilePath/Hawker%20P.1081%20in%20flight%201950.jpg",""
"http://www.wikidata.org/entity/Q1957255","Hawker Siddeley HS.141","","http://commons.wikimedia.org/wiki/Special:FilePath/Hawker%20Siddeley%20HS.141%20DHHC.JPG",""
"http://www.wikidata.org/entity/Q288468","Hawker Woodcock","","http://commons.wikimedia.org/wiki/Special:FilePath/Hawker%20woodcock.jpg",""
"http://www.wikidata.org/entity/Q704025","Heinkel He 176","","http://commons.wikimedia.org/wiki/Special:FilePath/Heinkel%20he%20176%20san%20diego%20air%20and%20space%20museum.jpg",""
"http://www.wikidata.org/entity/Q1596280","Heinkel HE 58","","http://commons.wikimedia.org/wiki/Special:FilePath/Bundesarchiv%20Bild%20102-10309%2C%20Katapult-Flugzeug%20des%20Dampfers%20%22Europa%22.jpg",""
"http://www.wikidata.org/entity/Q2009036","Henschel Hs 298","","http://commons.wikimedia.org/wiki/Special:FilePath/Henschel%20Hs%20298.jpg",""
"http://www.wikidata.org/entity/Q450482","HeS 3","","http://commons.wikimedia.org/wiki/Special:FilePath/HeS%203%20Turbojet.jpg",""
"http://www.wikidata.org/entity/Q2531951","HESA Shafaq","","http://commons.wikimedia.org/wiki/Special:FilePath/ShafaqFighter.png",""
"http://www.wikidata.org/entity/Q3566214","Hewitt-Sperry Automatic Airplane","","http://commons.wikimedia.org/wiki/Special:FilePath/Hewitt-Sperry%20Automatic%20Airplane%201918.jpg",""
"http://www.wikidata.org/entity/Q2457885","High Alpha Research Vehicle","","http://commons.wikimedia.org/wiki/Special:FilePath/FA18%20LEX.jpg",""
"http://www.wikidata.org/entity/Q951325","Honda MH02","","http://commons.wikimedia.org/wiki/Special:FilePath/Honda%20MH02%20Honda%20Fan%20Fun%20Lab.jpg",""
"http://www.wikidata.org/entity/Q1630196","Horten H.XIII","","http://commons.wikimedia.org/wiki/Special:FilePath/KN%20Flyngwinggraph%20Horten%20H13a%201944.jpg",""
"http://www.wikidata.org/entity/Q820576","Horten H.XVIII","","http://commons.wikimedia.org/wiki/Special:FilePath/Horten%20H%20XVIII.jpg",""
"http://www.wikidata.org/entity/Q1630191","Horten Ho VI","","http://commons.wikimedia.org/wiki/Special:FilePath/Horten%20H.VI%20V2.jpg",""
"http://www.wikidata.org/entity/Q1572638","Huff-Daland XB-1","","http://commons.wikimedia.org/wiki/Special:FilePath/Parked%20Huff-Daland%20XB-1.jpg",""
"http://www.wikidata.org/entity/Q3142203","Huff-Daland XHB-1","","http://commons.wikimedia.org/wiki/Special:FilePath/Huff-Daland%20HB-1.jpg",""
"http://www.wikidata.org/entity/Q2107620","Hunting H.126","","http://commons.wikimedia.org/wiki/Special:FilePath/Hunting%20H.126.jpg",""
"http://www.wikidata.org/entity/Q3143396","Hurel-Dubois HD.31","","http://commons.wikimedia.org/wiki/Special:FilePath/Hurel-Dubois%20HD.31%20F-WFKU%20Baginton%2006.54.jpg",""
"http://www.wikidata.org/entity/Q1639946","hybrid airship","","http://commons.wikimedia.org/wiki/Special:FilePath/Piasecki%20Heli-Stat.jpg",""
"http://www.wikidata.org/entity/Q3444216","Ikarus 214","","http://commons.wikimedia.org/wiki/Special:FilePath/Ikarus%20214-P%20mjrv1.jpg",""
"http://www.wikidata.org/entity/Q3442920","Ikarus 451","","http://commons.wikimedia.org/wiki/Special:FilePath/BAM-41-Ikarus%20451%20M.jpg",""
"http://www.wikidata.org/entity/Q573451","IMAM Ro.58","","http://commons.wikimedia.org/wiki/Special:FilePath/IMAMRo.58%282%29.jpeg",""
"http://www.wikidata.org/entity/Q1161542","IMAM Ro.63","","http://commons.wikimedia.org/wiki/Special:FilePath/IMAM%20Ro.63%20right%20front%20view.jpg",""
"http://www.wikidata.org/entity/Q3029666","Indonesian Aerospace N219","","http://commons.wikimedia.org/wiki/Special:FilePath/N219%20testflight.jpg",""
"http://www.wikidata.org/entity/Q2573179","Kamov Ka-137","","http://commons.wikimedia.org/wiki/Special:FilePath/Kamov%20Ka-137.jpg",""
"http://www.wikidata.org/entity/Q2346412","Kamov Ka-37","","http://commons.wikimedia.org/wiki/Special:FilePath/Ka-37%20NTW%202%2093%202.jpg",""
"http://www.wikidata.org/entity/Q702586","Kawasaki Army Type 88 Reconnaisance Aircraft","","http://commons.wikimedia.org/wiki/Special:FilePath/88shiki%20teisatuki.jpg",""
"http://www.wikidata.org/entity/Q705786","Kawasaki Army Type 92 Fighter","","http://commons.wikimedia.org/wiki/Special:FilePath/Kawasaki%20KDA-5%20%28Type%2092%29.jpg",""
"http://www.wikidata.org/entity/Q931626","Kawasaki KH-4","","http://commons.wikimedia.org/wiki/Special:FilePath/Kawasaki%20KH-4%20VH-JAJ.jpg",""
"http://www.wikidata.org/entity/Q573377","Kawasaki Ki-64","","http://commons.wikimedia.org/wiki/Special:FilePath/Kawasaki%20Ki-64%20on%20ground.jpg",""
"http://www.wikidata.org/entity/Q573373","Kawasaki Ki-96","","http://commons.wikimedia.org/wiki/Special:FilePath/Ki-96-2s.jpg",""
"http://www.wikidata.org/entity/Q3496462","Kawasaki P-2J","","http://commons.wikimedia.org/wiki/Special:FilePath/P2J-Kanoya2007.JPG",""
"http://www.wikidata.org/entity/Q3205515","Kellett XR-10","","http://commons.wikimedia.org/wiki/Special:FilePath/Kellett%20XR-10.jpg",""
"http://www.wikidata.org/entity/Q3195876","Keystone B-4","","http://commons.wikimedia.org/wiki/Special:FilePath/Keystone%20Y1B-4%20%28SN%2030-281%29.jpg",""
"http://www.wikidata.org/entity/Q3195875","Keystone B-5","","http://commons.wikimedia.org/wiki/Special:FilePath/Keystone%20B-5A%20front%20left%20quarter%20060421-F-1234P-017.jpg",""
"http://www.wikidata.org/entity/Q3195881","Keystone XLB-3","","http://commons.wikimedia.org/wiki/Special:FilePath/Keystone%20XLB-3A.jpg",""
"http://www.wikidata.org/entity/Q609106","Kokusai Ku-7","","http://commons.wikimedia.org/wiki/Special:FilePath/Ku-7%20glider.jpg",""
"http://www.wikidata.org/entity/Q3199648","Kreider-Reisner XC-31","","http://commons.wikimedia.org/wiki/Special:FilePath/Kreider-Reisner%20XC-31%20USAF.JPG",""
"http://www.wikidata.org/entity/Q1653652","Kyushu K10W","","http://commons.wikimedia.org/wiki/Special:FilePath/Kyushu%20K10W1%20side.jpeg",""
"http://www.wikidata.org/entity/Q2406163","Kyushu K11W","","http://commons.wikimedia.org/wiki/Special:FilePath/K11W%20postwar.jpg",""
"http://www.wikidata.org/entity/Q868793","L-23 Super Blaník","","http://commons.wikimedia.org/wiki/Special:FilePath/Blanik%203%20a.jpg",""
"http://www.wikidata.org/entity/Q495567","Latécoère 25","","http://commons.wikimedia.org/wiki/Special:FilePath/Late01.jpg",""
"http://www.wikidata.org/entity/Q3228825","Leduc 0.10","","http://commons.wikimedia.org/wiki/Special:FilePath/Leduc%200.16%20Le%20Bourget%202007.jpg",""
"http://www.wikidata.org/entity/Q3236925","Letord Let.1","","http://commons.wikimedia.org/wiki/Special:FilePath/French%20Aircraft%20of%20the%20First%20World%20War%20Q66791.jpg",""
"http://www.wikidata.org/entity/Q3237179","Levasseur PL.4","","http://commons.wikimedia.org/wiki/Special:FilePath/Levasseur%20PL-4.jpg",""
"http://www.wikidata.org/entity/Q3206041","LH Aviation LH-10 Ellipse","","http://commons.wikimedia.org/wiki/Special:FilePath/LH-10%20Ellipse%20F-WWML.JPG",""
"http://www.wikidata.org/entity/Q400148","Lim-6","","http://commons.wikimedia.org/wiki/Special:FilePath/Lim6bis%20MLP.jpg",""
"http://www.wikidata.org/entity/Q381538","Lippisch Ente","","http://commons.wikimedia.org/wiki/Special:FilePath/RRG%20Raketen-Ente%20Deutsches%20Segelflugmuseum%2002%202009-05-31.jpg",""
"http://www.wikidata.org/entity/Q117984","Lituanica","","http://commons.wikimedia.org/wiki/Special:FilePath/Lituanica%20Above%20New%20York.jpg",""
"http://www.wikidata.org/entity/Q3257749","Lockheed Little Dipper","","http://commons.wikimedia.org/wiki/Special:FilePath/Lockheed%20Model%2033%20Little%20Dipper.jpg",""
"http://www.wikidata.org/entity/Q3257750","Lockheed Saturn","","http://commons.wikimedia.org/wiki/Special:FilePath/Lockheed%20L-75%20Saturn%20%282%29.jpg",""
"http://www.wikidata.org/entity/Q1758294","Lockheed XFV","","http://commons.wikimedia.org/wiki/Special:FilePath/Lockheed%20XFV-1%20on%20ground%20bw.jpg",""
"http://www.wikidata.org/entity/Q1822438","Lockwood Aircam","","http://commons.wikimedia.org/wiki/Special:FilePath/AircamAircamN3251E.jpg",""
"http://www.wikidata.org/entity/Q1456245","LTV XC-142","","http://commons.wikimedia.org/wiki/Special:FilePath/Ling-Temco-Vought%20XC-142A.jpg",""
"http://www.wikidata.org/entity/Q1873715","Lucky Lady II","","http://commons.wikimedia.org/wiki/Special:FilePath/%27Lucky%20Lady%20II%22%20being%20refuelled%20by%20B-29M%2045-21708%20061215-F-1234S-002.jpg",""
"http://www.wikidata.org/entity/Q1877372","Lunar Landing Research Vehicle","","http://commons.wikimedia.org/wiki/Special:FilePath/Lunar%20Landing%20Research%20Vehicle%20in%20Flight%20-%20GPN-2000-000215.jpg",""
"http://www.wikidata.org/entity/Q950110","LVG C.V","","http://commons.wikimedia.org/wiki/Special:FilePath/Captured%20Third%20Army%20German%20LVG%20C.V.jpg",""
"http://www.wikidata.org/entity/Q658816","LVG C.VI","","http://commons.wikimedia.org/wiki/Special:FilePath/Captured%20German%20LVG%20C.VI%20at%20Trier%20Airfield%2C%20Germany%2C%205%20January%201919.jpg",""
"http://www.wikidata.org/entity/Q721099","LWD Junak","","http://commons.wikimedia.org/wiki/Special:FilePath/Junak3.jpg",""
"http://www.wikidata.org/entity/Q1127018","LWD Szpak","","http://commons.wikimedia.org/wiki/Special:FilePath/LWD%20SZPAK.JPG",""
"http://www.wikidata.org/entity/Q652913","LWD Żuraw","","http://commons.wikimedia.org/wiki/Special:FilePath/LWD%20%C5%BBuraw%20MLP%2002.jpg",""
"http://www.wikidata.org/entity/Q427692","Macchi M.26","","http://commons.wikimedia.org/wiki/Special:FilePath/Macchi%20M.26.jpg",""
"http://www.wikidata.org/entity/Q3274153","Macchi M.41 bis","","http://commons.wikimedia.org/wiki/Special:FilePath/Macchi%20M.41bis.jpg",""
"http://www.wikidata.org/entity/Q2364186","Macchi M.B.323","","http://commons.wikimedia.org/wiki/Special:FilePath/AerMacchi%20MB%20323.jpg",""
"http://www.wikidata.org/entity/Q1081241","Martin Jetpack","","http://commons.wikimedia.org/wiki/Special:FilePath/Martin%20Jetpack%20Unveiling%2C%20Liftoff%21%20%282714934801%29.jpg",""
"http://www.wikidata.org/entity/Q3129791","Martin XB-27","","http://commons.wikimedia.org/wiki/Special:FilePath/XB-27-Schematics.jpg",""
"http://www.wikidata.org/entity/Q549182","Martin-Baker MB 3","","http://commons.wikimedia.org/wiki/Special:FilePath/MB3.jpg",""
"http://www.wikidata.org/entity/Q896625","MÁVAG Héja","","http://commons.wikimedia.org/wiki/Special:FilePath/Rep%C3%BCl%C5%91t%C3%A9r%2C%201944.%20%C3%A1prilis%2013.%20Kass%20Ferenc%20%C5%91rmester%20l%C3%A9giharcban%20megs%C3%A9r%C3%BClt%20M%C3%81VAG%20H%C3%A9ja%20II.%20vad%C3%A1szrep%C3%BCl%C5%91g%C3%A9pe.%20Fortepan%209233.jpg",""
"http://www.wikidata.org/entity/Q2279953","Mayo Composite","","http://commons.wikimedia.org/wiki/Special:FilePath/Maia%20and%20Mercury%2C%20August%201938%20%28Our%20Generation%2C%201938%29.jpg",""
"http://www.wikidata.org/entity/Q3303628","McDonnell Doodlebug","","http://commons.wikimedia.org/wiki/Special:FilePath/EL-2001-00032.jpg",""
"http://www.wikidata.org/entity/Q825551","MDM MDM-1 Fox","","http://commons.wikimedia.org/wiki/Special:FilePath/Shoreham%20Airshow%202013%20%289701025056%29.jpg",""
"http://www.wikidata.org/entity/Q3307725","Meyers 200","","http://commons.wikimedia.org/wiki/Special:FilePath/Meyers%20200%20N2987T.jpg",""
"http://www.wikidata.org/entity/Q3012915","Miles M.30","","http://commons.wikimedia.org/wiki/Special:FilePath/Miles%20M.30%20X%20Minor.jpg",""
"http://www.wikidata.org/entity/Q1966491","Miles Martinet","","http://commons.wikimedia.org/wiki/Special:FilePath/Miles%20M.25%20Martinet%20TT%20MkI%20in%20flight.jpg",""
"http://www.wikidata.org/entity/Q2006720","Mitsubishi 2MB1","","http://commons.wikimedia.org/wiki/Special:FilePath/2MB1.jpg",""
"http://www.wikidata.org/entity/Q1996550","Mitsubishi K3M","","http://commons.wikimedia.org/wiki/Special:FilePath/Mitsubishi%20K3M.jpg",""
"http://www.wikidata.org/entity/Q1645610","Mitsubishi Ki-1","","http://commons.wikimedia.org/wiki/Special:FilePath/Mitsubishi%20Ki-1.jpg",""
"http://www.wikidata.org/entity/Q2393886","Mitsubishi Ki-2","","http://commons.wikimedia.org/wiki/Special:FilePath/Ki-2%2093siki-soukei.jpg",""
"http://www.wikidata.org/entity/Q1134802","MMIST CQ-10 Snowgoose","","http://commons.wikimedia.org/wiki/Special:FilePath/CQ-10%20SnowGoose.jpg",""
"http://www.wikidata.org/entity/Q2409280","Morane-Saulnier Alcyon","","http://commons.wikimedia.org/wiki/Special:FilePath/Morane%20MS.733%20F-AZKS%2083%20CVT%2001.06.03R%20edited-2.jpg",""
"http://www.wikidata.org/entity/Q3324360","Morane-Saulnier MoS-50","","http://commons.wikimedia.org/wiki/Special:FilePath/Morane-Saulnier%20MS%2050C%20%28MS-52%29%20K-SIM%2002.jpg",""
"http://www.wikidata.org/entity/Q428658","Morane-Saulnier MS.315","","http://commons.wikimedia.org/wiki/Special:FilePath/Morane-Saulnier%20MS-317%20img%200515.jpg",""
"http://www.wikidata.org/entity/Q784457","Myasishchev VM-T Atlant","","http://commons.wikimedia.org/wiki/Special:FilePath/VM-T%20Atlant%20at%20MAKS%202005.jpg",""
"http://www.wikidata.org/entity/Q2483403","Nakajima E2N","","http://commons.wikimedia.org/wiki/Special:FilePath/Nakajima%20E2N.jpg",""
"http://www.wikidata.org/entity/Q704843","Nakajima E4N","","http://commons.wikimedia.org/wiki/Special:FilePath/Nakajima%20E4N2.jpg",""
"http://www.wikidata.org/entity/Q2341214","Nakajima G10N","","http://commons.wikimedia.org/wiki/Special:FilePath/Nakajima%20G10N%20Fugaku%20%28YB-49-model%20001%20cropped%29.jpg",""
"http://www.wikidata.org/entity/Q2734245","Nakajima Ki-115","","http://commons.wikimedia.org/wiki/Special:FilePath/Nakajima%20Ki-115.jpg",""
"http://www.wikidata.org/entity/Q1991281","Nakajima Ki-34","","http://commons.wikimedia.org/wiki/Special:FilePath/Nakajima%20AT-2.jpg",""
"http://www.wikidata.org/entity/Q702562","Nakajima Ki-4","","http://commons.wikimedia.org/wiki/Special:FilePath/Nakajima%20Ki-4.jpg",""
"http://www.wikidata.org/entity/Q3274121","Nakajima Ki-87","","http://commons.wikimedia.org/wiki/Special:FilePath/Nakajima%20Ki-87.jpg",""
"http://www.wikidata.org/entity/Q1959741","NASA M2-F1","","http://commons.wikimedia.org/wiki/Special:FilePath/NASA%20M2-F1.jpg",""
"http://www.wikidata.org/entity/Q2030228","NASA Paresev","","http://commons.wikimedia.org/wiki/Special:FilePath/Paresev%201%20in%20Landing%20%28E-8009%29.jpg",""
"http://www.wikidata.org/entity/Q3341314","Nieuport-Delage NiD 42","","http://commons.wikimedia.org/wiki/Special:FilePath/Nieuport%20Delage%20NiD.42%20L%27A%C3%A9ronautique%20December%2C1926.jpg",""
"http://www.wikidata.org/entity/Q3382051","Nieuport-Delage NiD-120","","http://commons.wikimedia.org/wiki/Special:FilePath/Nieuport%20NiD.121%20photo%20L%27Aerophile%20January%201934.jpg",""
"http://www.wikidata.org/entity/Q1997478","Nord Norécrin","","http://commons.wikimedia.org/wiki/Special:FilePath/Swiss%20Air%20Force%20Nord%201203%20Nor%C3%A9crin.jpg",""
"http://www.wikidata.org/entity/Q926860","North American XF-108 Rapier","","http://commons.wikimedia.org/wiki/Special:FilePath/F-108-8x.png",""
"http://www.wikidata.org/entity/Q837001","Northrop HL-10","","http://commons.wikimedia.org/wiki/Special:FilePath/HL-10%20on%20Lakebed%20with%20B-52%20flyby%20-%20GPN-2000-000201.jpg",""
"http://www.wikidata.org/entity/Q837149","Northrop M2-F2","","http://commons.wikimedia.org/wiki/Special:FilePath/Northrop%20M2-F2.jpg",""
"http://www.wikidata.org/entity/Q937048","Northrop N-1M","","http://commons.wikimedia.org/wiki/Special:FilePath/Northrop%20N-1M%20Udvar-Hazy.jpg",""
"http://www.wikidata.org/entity/Q178745","Northrop N-9M","","http://commons.wikimedia.org/wiki/Special:FilePath/Northrop%20N-9M%20Flying%20Wing%20-%20Chino%20Airshow%202014%20%2814059039438%29.jpg",""
"http://www.wikidata.org/entity/Q1761506","Northrop XP-79","","http://commons.wikimedia.org/wiki/Special:FilePath/Northrop%20XP-79.jpg",""
"http://www.wikidata.org/entity/Q3344237","Northrop YC-125 Raider","","http://commons.wikimedia.org/wiki/Special:FilePath/Northrop%20YC-125B%20Raider%20USAF.jpg",""
"http://www.wikidata.org/entity/Q1428161","PAC Fletcher FU-24","","http://commons.wikimedia.org/wiki/Special:FilePath/PAC%20Fletcher%20Fu24%20Aerial%20Topdresser.JPG",""
"http://www.wikidata.org/entity/Q2107640","Payen Pa 49","","http://commons.wikimedia.org/wiki/Special:FilePath/Payen%20PA49%20Katy%20F-WGVA%20Le%20Bourget%2029.05.57%20edited-2.jpg",""
"http://www.wikidata.org/entity/Q3099683","Pennec Gaz'Aile 2","","http://commons.wikimedia.org/wiki/Special:FilePath/Pennec%2C%20F-PSBJ%2C%20Gaz%27Aile%202%20%2835292322010%29.jpg",""
"http://www.wikidata.org/entity/Q374673","Phönix D.I","","http://commons.wikimedia.org/wiki/Special:FilePath/Ph%C3%B6nix%20D.I%20228.45.jpg",""
"http://www.wikidata.org/entity/Q2644776","Piaggio P.150","","http://commons.wikimedia.org/wiki/Special:FilePath/Piaggio%20P.150.jpg",""
"http://www.wikidata.org/entity/Q1138037","Piaggio P.7","","http://commons.wikimedia.org/wiki/Special:FilePath/Piaggio%20P.7%20black%20and%20white.jpg",""
"http://www.wikidata.org/entity/Q1556917","Piel Emeraude","","http://commons.wikimedia.org/wiki/Special:FilePath/Piel%20CP301A%20Emeraude%20%E2%80%98G-EGEN%E2%80%99%20%2830911849197%29.jpg",""
"http://www.wikidata.org/entity/Q2094881","Pilatus P-4","","http://commons.wikimedia.org/wiki/Special:FilePath/PilatusP4frontseite.JPG",""
"http://www.wikidata.org/entity/Q2094865","Pilatus P-5","","http://commons.wikimedia.org/wiki/Special:FilePath/Pilatus%20P-5.jpeg",""
"http://www.wikidata.org/entity/Q1431246","Pilatus PC-11","","http://commons.wikimedia.org/wiki/Special:FilePath/Pilatus%20B4-PC11%20AF%20D-3993.jpg",""
"http://www.wikidata.org/entity/Q2094874","Pilatus PC-24","","http://commons.wikimedia.org/wiki/Special:FilePath/Pilatus%20PC-24%20roll-out.jpg",""
"http://www.wikidata.org/entity/Q834572","Pilatus SB-2","","http://commons.wikimedia.org/wiki/Special:FilePath/Pilatus%20SB-2%20Top.JPG",""
"http://www.wikidata.org/entity/Q1860367","Piper PA-24 Comanche","","http://commons.wikimedia.org/wiki/Special:FilePath/Pa24-N5760P-071126-01-16.jpg",""
"http://www.wikidata.org/entity/Q1889544","Piper PA-47 PiperJet","","http://commons.wikimedia.org/wiki/Special:FilePath/Piper%20PA-47%20Piper%20Jet%20N360PJ%20Lakeland%20FL%2023.04.09R.jpg",""
"http://www.wikidata.org/entity/Q3389419","Pitts Model 12","","http://commons.wikimedia.org/wiki/Special:FilePath/Pitts%2012S%20Python%2C%20Private%20JP7640684.jpg",""
"http://www.wikidata.org/entity/Q1321654","Platzer Kiebitz","","http://commons.wikimedia.org/wiki/Special:FilePath/Platzer%20Kiebitz%20D-MTEE.jpg",""
"http://www.wikidata.org/entity/Q2647547","Politechnika Warszawska PW-6","","http://commons.wikimedia.org/wiki/Special:FilePath/PW6U%2C%20Mlada%20Boleslav%20airfield%20%28AKMB%29%2C%20Czech%20Republic.JPG",""
"http://www.wikidata.org/entity/Q941011","Pomilio PE","","http://commons.wikimedia.org/wiki/Special:FilePath/Pomilio%20PE.jpg",""
"http://www.wikidata.org/entity/Q2976503","Potez 29","","http://commons.wikimedia.org/wiki/Special:FilePath/Potez-29.jpg",""
"http://www.wikidata.org/entity/Q922310","Potez 540","","http://commons.wikimedia.org/wiki/Special:FilePath/Potez%2054.jpg",""
"http://www.wikidata.org/entity/Q3400036","Potez X","","http://commons.wikimedia.org/wiki/Special:FilePath/Potez%2010.jpg",""
"http://www.wikidata.org/entity/Q3077154","Potez XI","","http://commons.wikimedia.org/wiki/Special:FilePath/Potez%2011.jpg",""
"http://www.wikidata.org/entity/Q3178649","PTO-4","","http://commons.wikimedia.org/wiki/Special:FilePath/%D0%A1%D0%B0%D0%BC%D0%BE%D0%BB%D1%91%D1%82%20%D0%A0%D0%A2%D0%9E-4%D0%90%20%D0%BD%D0%B0%20%D0%BB%D1%91%D1%82%D0%BD%D0%BE%D0%BC%20%D0%BF%D0%BE%D0%BB%D0%B5.jpg",""
"http://www.wikidata.org/entity/Q383903","PWS-10","","http://commons.wikimedia.org/wiki/Special:FilePath/Narodowe%20Archiwum%20Cyfrowe%20PWS-10.png",""
"http://www.wikidata.org/entity/Q1227577","PWS-24","","http://commons.wikimedia.org/wiki/Special:FilePath/Pws-24.jpg",""
"http://www.wikidata.org/entity/Q2121007","Pützer Elster","","http://commons.wikimedia.org/wiki/Special:FilePath/P%C3%BCtzer%20Elster%20B%20%28Luftwaffe%29%20at%20Pferdsfeld%201972%20%281%29.jpg",""
"http://www.wikidata.org/entity/Q188414","PZL Bielsko SZD-9","","http://commons.wikimedia.org/wiki/Special:FilePath/Szybowiec%20SZD-9%20Bocian%20SP-2801%20Areoklubu%20Opolskiego%20w%20trakcie%20lotu%20%C5%BCaglowego.JPG",""
"http://www.wikidata.org/entity/Q897846","PZL TS-8 Bies","","http://commons.wikimedia.org/wiki/Special:FilePath/TS-8%20Bies%20Cracow.jpg",""
"http://www.wikidata.org/entity/Q1121704","Q1121704","","http://commons.wikimedia.org/wiki/Special:FilePath/IAI%20Finger%202010.jpg",""
"http://www.wikidata.org/entity/Q3414478","Quikkit Glass Goose","","http://commons.wikimedia.org/wiki/Special:FilePath/Aero%20Gare%20Seahawk.jpg",""
"http://www.wikidata.org/entity/Q2750091","R.31","","http://commons.wikimedia.org/wiki/Special:FilePath/Renard%20R.31%20photo%20Le%20Pontential%20A%C3%A9rien%20Mondial%201936.jpg",""
"http://www.wikidata.org/entity/Q3419750","Rare Bear","","http://commons.wikimedia.org/wiki/Special:FilePath/77%20F8F-2%20Bearcat%20%28N-777L%29%20Rare%20Bear%202014%20Reno%20Air%20Races%20Gold%20Final%20by%20D%20Ramey%20Logan.jpg",""
"http://www.wikidata.org/entity/Q1726173","RBVZ S-10","","http://commons.wikimedia.org/wiki/Special:FilePath/Sikorsky%20S-10%20Aircraft%20on%20floats%20circa%201913.jpg",""
"http://www.wikidata.org/entity/Q2717498","Red Wing","","http://commons.wikimedia.org/wiki/Special:FilePath/AEA%20Red%20Wing%20%28Aerodrome%201%29.jpg",""
"http://www.wikidata.org/entity/Q381152","RediGO","","http://commons.wikimedia.org/wiki/Special:FilePath/Redigo%2001.jpg",""
"http://www.wikidata.org/entity/Q2143100","Remos GX","","http://commons.wikimedia.org/wiki/Special:FilePath/REMOS%20G-3%20Mirage.jpg",""
"http://www.wikidata.org/entity/Q1807615","Republic XF-103","","http://commons.wikimedia.org/wiki/Special:FilePath/Republic%20XF-103%20in%20flight.jpg",""
"http://www.wikidata.org/entity/Q1216341","Rotter Nemere","","http://commons.wikimedia.org/wiki/Special:FilePath/Rotter%20Lajos-Nemere.jpg",""
"http://www.wikidata.org/entity/Q2919176","Royal Aircraft Factory B.E.12","","http://commons.wikimedia.org/wiki/Special:FilePath/Royal%20Aircraft%20Factory%20BE12%201.jpg",""
"http://www.wikidata.org/entity/Q914230","Raab Doppelraab","","http://commons.wikimedia.org/wiki/Special:FilePath/Doppelraab%20IV.jpg",""
"http://www.wikidata.org/entity/Q2031907","SAGEM Crecerelle","","http://commons.wikimedia.org/wiki/Special:FilePath/BAM-63-Sagem%20Crecerelle.jpg",""
"http://www.wikidata.org/entity/Q1929058","Saunders-Roe SR.45 Princess","","http://commons.wikimedia.org/wiki/Special:FilePath/Saro%20Princess%20G-ALUN%20Farnborough%201953.jpg",""
"http://www.wikidata.org/entity/Q2228187","Savoia-Marchetti S.M.87","","http://commons.wikimedia.org/wiki/Special:FilePath/SAvoia%20Marchetti%20SM.87%20in%20volo.jpg",""
"http://www.wikidata.org/entity/Q1544318","Savoia-Marchetti SM.73","","http://commons.wikimedia.org/wiki/Special:FilePath/Savoia%20Marchetti%20S.73.jpg",""
"http://www.wikidata.org/entity/Q841885","Savoia-Marchetti SM.83","","http://commons.wikimedia.org/wiki/Special:FilePath/Savoia%20Marchetti%20SM.83%20I-AMER.jpg",""
"http://www.wikidata.org/entity/Q372295","Scheibe Falke","","http://commons.wikimedia.org/wiki/Special:FilePath/Scheibe%20SF%2025%20B%20D-KAGR%2003.jpg",""
"http://www.wikidata.org/entity/Q2232491","Scheibe SF 34","","http://commons.wikimedia.org/wiki/Special:FilePath/Scheibe%20A34%20%27Alliance%27.jpg",""
"http://www.wikidata.org/entity/Q2233258","Schempp-Hirth Nimbus","","http://commons.wikimedia.org/wiki/Special:FilePath/PH-1330%2C%20Schempp-Hirth%20Nimbus-2M%20at%20Hilversum%20Airport%20%28ICAO%20EHHV%29.JPG",""
"http://www.wikidata.org/entity/Q3475325","Schempp-Hirth Nimbus-2","","http://commons.wikimedia.org/wiki/Special:FilePath/OY-XMT%20Schempp-Hirth%20HS-5%20Nimbus%20II.jpg",""
"http://www.wikidata.org/entity/Q2233249","Schempp-Hirth Quintus","","http://commons.wikimedia.org/wiki/Special:FilePath/Schempp-Hirth%20Quintus.jpg",""
"http://www.wikidata.org/entity/Q938444","Schempp-Hirth Standard Cirrus","","http://commons.wikimedia.org/wiki/Special:FilePath/Standard%20Cirrus%20D-3085.jpg",""
"http://www.wikidata.org/entity/Q3039207","SG-1262 Schwebegestell","","http://commons.wikimedia.org/wiki/Special:FilePath/Expirimental%20VTOL%20APV%20in%20the%20Wehrtechnische%20Studiensammlung%20Koblenz.jpg",""
"http://www.wikidata.org/entity/Q3482514","Short Bomber","","http://commons.wikimedia.org/wiki/Special:FilePath/IWM-Q67967-Short-Bomber.jpg",""
"http://www.wikidata.org/entity/Q2279965","Short SC.1","","http://commons.wikimedia.org/wiki/Special:FilePath/Short%20SC.1%20Farnborough%201958.jpg",""
"http://www.wikidata.org/entity/Q2453808","Sikorsky Cypher","","http://commons.wikimedia.org/wiki/Special:FilePath/Cypher-UAV.JPG",""
"http://www.wikidata.org/entity/Q1432561","Sikorsky S-69","","http://commons.wikimedia.org/wiki/Special:FilePath/XH-59A%20helicopter%20in%201981%20%283%29.JPEG",""
"http://www.wikidata.org/entity/Q1166134","SmartBird","","http://commons.wikimedia.org/wiki/Special:FilePath/SmartBird-08.jpg",""
"http://www.wikidata.org/entity/Q3459797","SNCAC NC-600","","http://commons.wikimedia.org/wiki/Special:FilePath/Hanriot%20H.220.jpg",""
"http://www.wikidata.org/entity/Q2108244","SNCASE Durandal","","http://commons.wikimedia.org/wiki/Special:FilePath/Sud%20SE-212%20Durandal%20Le%20Bourget%201957.jpg",""
"http://www.wikidata.org/entity/Q573633","SNCASE SE.100","","http://commons.wikimedia.org/wiki/Special:FilePath/SE.100.brouillon.png",""
"http://www.wikidata.org/entity/Q1779127","SOCATA TBM","","http://commons.wikimedia.org/wiki/Special:FilePath/Daher-Socata%20TBM%20900%20Air%20to%20Air.jpg",""
"http://www.wikidata.org/entity/Q3509981","Sopwith Salamander","","http://commons.wikimedia.org/wiki/Special:FilePath/Sopwith%20Salamander%20prototype.jpg",""
"http://www.wikidata.org/entity/Q3492741","Spartan Executive","","http://commons.wikimedia.org/wiki/Special:FilePath/Spartan%20Executive%20Old%20Warden%207%20Oct%202013%201.jpg",""
"http://www.wikidata.org/entity/Q259099","Stearman XBT-17","","http://commons.wikimedia.org/wiki/Special:FilePath/Stearman%20XBT-17.jpg",""
"http://www.wikidata.org/entity/Q2342462","Stemme S6","","http://commons.wikimedia.org/wiki/Special:FilePath/Stemme%20S.6%20D-KAIR%20%289226266116%29.jpg",""
"http://www.wikidata.org/entity/Q609442","Stinson Model O","","http://commons.wikimedia.org/wiki/Special:FilePath/Stinson%20Model%20O.jpg",""
"http://www.wikidata.org/entity/Q1113801","Stipa-Caproni","","http://commons.wikimedia.org/wiki/Special:FilePath/Caproni%20Stipa%20on%20ground.jpg",""
"http://www.wikidata.org/entity/Q3459804","Sud-Ouest Corse II","","http://commons.wikimedia.org/wiki/Special:FilePath/SNCASO%20SO%2093%20left%20front%20photo%20L%27Aerophile%20December%201945.jpg",""
"http://www.wikidata.org/entity/Q2990096","Sukhoi Su-28","","http://commons.wikimedia.org/wiki/Special:FilePath/Su-25UT%20Frogfoot%2002.jpg",""
"http://www.wikidata.org/entity/Q907134","Sukhoi Su-38","","http://commons.wikimedia.org/wiki/Special:FilePath/Sukhoi%20Su-38L%20in%202002.jpg",""
"http://www.wikidata.org/entity/Q170144","Sukhoi-Gulfstream S-21","","http://commons.wikimedia.org/wiki/Special:FilePath/Sukhoi%20SSBJ%20project%20model.jpg",""
"http://www.wikidata.org/entity/Q2053975","Supermarine Nighthawk","","http://commons.wikimedia.org/wiki/Special:FilePath/Supermarine%20P.B.31E%20Nighthawk.jpg",""
"http://www.wikidata.org/entity/Q824618","Swift S-1","","http://commons.wikimedia.org/wiki/Special:FilePath/Swift%20s-1%20glider%20g-izii%20at%20kemble%20arp.jpg",""
"http://www.wikidata.org/entity/Q656003","SZD-45 Ogar","","http://commons.wikimedia.org/wiki/Special:FilePath/Pzl%20motor%20glider%20g-bebg%20arp.jpg",""
"http://www.wikidata.org/entity/Q3274066","Tachikawa Ki-74","","http://commons.wikimedia.org/wiki/Special:FilePath/Ki-74-1s.jpg",""
"http://www.wikidata.org/entity/Q83734","Tatra T.101","","http://commons.wikimedia.org/wiki/Special:FilePath/Tatra%20101.2.JPG",""
"http://www.wikidata.org/entity/Q1550297","Tecnam P2006T","","http://commons.wikimedia.org/wiki/Special:FilePath/Tecnam%20P2006T%201.jpg",""
"http://www.wikidata.org/entity/Q1719276","Tecnam P2008","","http://commons.wikimedia.org/wiki/Special:FilePath/Tecnam%20P2008.jpg",""
"http://www.wikidata.org/entity/Q1146704","Tupolev Tu-2000","","http://commons.wikimedia.org/wiki/Special:FilePath/Tu-2000.jpg",""
"http://www.wikidata.org/entity/Q338022","Tupolev Tu-244","","http://commons.wikimedia.org/wiki/Special:FilePath/Tupolew%20Tu-244%20Mockup%20vul.jpg",""
"http://www.wikidata.org/entity/Q378666","Type E","","http://commons.wikimedia.org/wiki/Special:FilePath/Avro%20500.jpg",""
"http://www.wikidata.org/entity/Q127407","Utva Trojka","","http://commons.wikimedia.org/wiki/Special:FilePath/Trojka.JPG",""
"http://www.wikidata.org/entity/Q2301674","VFW VAK 191B","","http://commons.wikimedia.org/wiki/Special:FilePath/Aircraft%20VAK191B%20face.jpg",""
"http://www.wikidata.org/entity/Q269522","Vickers Type 123","","http://commons.wikimedia.org/wiki/Special:FilePath/Vickers%20123.jpg",""
"http://www.wikidata.org/entity/Q2918293","Vickers Type 264 Valentia","","http://commons.wikimedia.org/wiki/Special:FilePath/Vickers%20Type%20264%20Valentia.jpg",""
"http://www.wikidata.org/entity/Q2054676","Vickers Wibault","","http://commons.wikimedia.org/wiki/Special:FilePath/Vickers%20121%20Wibault%20Scout.jpg",""
"http://www.wikidata.org/entity/Q1624435","Vogt Lo-100","","http://commons.wikimedia.org/wiki/Special:FilePath/Lo100d0546.JPG",""
"http://www.wikidata.org/entity/Q2518938","Vought XF5U","","http://commons.wikimedia.org/wiki/Special:FilePath/Vought%20XF5U.jpg",""
"http://www.wikidata.org/entity/Q761520","Wainfan Facetmobile","","http://commons.wikimedia.org/wiki/Special:FilePath/Facetmobile.png",""
"http://www.wikidata.org/entity/Q3566562","Wassmer WA-51","","http://commons.wikimedia.org/wiki/Special:FilePath/Wassmer%20WA-54%20Atlantic%20D-EERC%2001.jpg",""
"http://www.wikidata.org/entity/Q786869","Westland Limousine","","http://commons.wikimedia.org/wiki/Special:FilePath/Westland%20limousine%20line%20drawing%20from%20Flight%201921.JPG",""
"http://www.wikidata.org/entity/Q2566864","White Dwarf (dirigible)","","http://commons.wikimedia.org/wiki/Special:FilePath/White%20Dwarf-Single%20Person%20Blimp-02.jpg",""
"http://www.wikidata.org/entity/Q3567903","Wibault 280","","http://commons.wikimedia.org/wiki/Special:FilePath/Wibault283t%20mae.jpg",""
"http://www.wikidata.org/entity/Q2479713","Wibault 7","","http://commons.wikimedia.org/wiki/Special:FilePath/Wibault%2072.jpg",""
"http://www.wikidata.org/entity/Q1463442","WM–16 Budapest","","http://commons.wikimedia.org/wiki/Special:FilePath/Weiss%20Manfr%C3%A9d%20WM-16%20-%20%28Fokker%20C.VD%29%20t%C3%ADpus%C3%BA%20rep%C3%BCl%C5%91g%C3%A9p.%20Fortepan%208607.jpg",""
"http://www.wikidata.org/entity/Q2908565","XP-15","","http://commons.wikimedia.org/wiki/Special:FilePath/Boeing%20XP-15%20060906-F-1234P-001.jpg",""
"http://www.wikidata.org/entity/Q2908566","XP-9","","http://commons.wikimedia.org/wiki/Special:FilePath/Boeing%20XP-9%20side%20view.jpg",""
"http://www.wikidata.org/entity/Q1349098","Yak-36","","http://commons.wikimedia.org/wiki/Special:FilePath/Jak-36.jpg",""
"http://www.wikidata.org/entity/Q614717","Yokosuka MXY5","","http://commons.wikimedia.org/wiki/Special:FilePath/Yokosuka-MXY5%20glider%201.jpg",""
"http://www.wikidata.org/entity/Q3575253","Zeppy","","http://commons.wikimedia.org/wiki/Special:FilePath/Zeppy%20Pilot%C3%A9%20par%20Stephane%20Belgrand%20Rousson%20%C3%A0%20Villefranche%20sur%20Mer.jpg",""
"http://www.wikidata.org/entity/Q217911","Zmaj Fizir FN","","http://commons.wikimedia.org/wiki/Special:FilePath/Fizir%20FN.jpg",""
